Job Title,Company Name,Location,Posted Date,Description,Application Link
Sales Development Representative,Valoriz Digital Pvt. Ltd.,N/A,21 Jan 2025,N/A,http://infopark.in/companies/company/company-jobs/587/76691
Quality Assurance Manager,Techversant Infotech Pvt Ltd,N/A,21 Jan 2025,N/A,http://infopark.in/companies/company/company-jobs/209/74567
Senior Golang Developer,Techversant Infotech Pvt Ltd,N/A,21 Jan 2025,N/A,http://infopark.in/companies/company/company-jobs/209/73283
Web Application Developer,Techversant Infotech Pvt Ltd,N/A,21 Jan 2025,N/A,http://infopark.in/companies/company/company-jobs/209/77301
Python Team Lead,Techversant Infotech Pvt Ltd,N/A,21 Jan 2025,N/A,http://infopark.in/companies/company/company-jobs/209/76262
Senior Python Developer,Valoriz Digital Pvt. Ltd.,N/A,21 Jan 2025,N/A,http://infopark.in/companies/company/company-jobs/587/76369
Front-End Developer (React.js Freshers),Policy4us Insurance Web Aggregator Pvt Ltd,N/A,21 Jan 2025,N/A,http://infopark.in/companies/company/company-jobs/523/77774
Alliance Executive (0 - 2 years),Policy4us Insurance Web Aggregator Pvt Ltd,N/A,21 Jan 2025,N/A,http://infopark.in/companies/company/company-jobs/523/77769
Front-End Developer (React.js Freshers),Policy4us Insurance Web Aggregator Pvt Ltd,N/A,21 Jan 2025,N/A,http://infopark.in/companies/company/company-jobs/523/77771
Graphic Designer (1 - 3 Years),Policy4us Insurance Web Aggregator Pvt Ltd,N/A,21 Jan 2025,N/A,http://infopark.in/companies/company/company-jobs/523/77772
Java Team Lead,Techversant Infotech Pvt Ltd,N/A,22 Jan 2025,N/A,http://infopark.in/companies/company/company-jobs/209/71189
Junior Android Developer,Techversant Infotech Pvt Ltd,N/A,22 Jan 2025,N/A,http://infopark.in/companies/company/company-jobs/209/75480
Walk In Interview! (22nd January 2025) 1-3 years experienced candidates with (BE)/MBA Operations/SCM,EXACORE IT SOLUTIONS PRIVATE LIMITED,N/A,22 Jan 2025,N/A,http://infopark.in/companies/company/company-jobs/337/65554
Manager - Business Development,Techversant Infotech Pvt Ltd,N/A,22 Jan 2025,N/A,http://infopark.in/companies/company/company-jobs/209/71180
Project Manager,Techversant Infotech Pvt Ltd,N/A,22 Jan 2025,N/A,http://infopark.in/companies/company/company-jobs/209/75644
Digital Marketing Project Manager,KL Koncepts Lab Media and IT Park,N/A,22 Jan 2025,N/A,http://infopark.in/companies/company/company-jobs/509/77799
PHP Laravel Developer,Zoiteckh Informations Solutions,N/A,22 Jan 2025,N/A,http://infopark.in/companies/company/company-jobs/643/77671
Chief Operating Officer (COO) - 4+ years,Policy4us Insurance Web Aggregator Pvt Ltd,N/A,23 Jan 2025,N/A,http://infopark.in/companies/company/company-jobs/523/77785
Motion Graphics Designer,KL Koncepts Lab Media and IT Park,N/A,23 Jan 2025,N/A,http://infopark.in/companies/company/company-jobs/509/77800
Odoo Developer,Techversant Infotech Pvt Ltd,N/A,23 Jan 2025,N/A,http://infopark.in/companies/company/company-jobs/209/71696
MERN Stack Developer (2 - 4 years),Policy4us Insurance Web Aggregator Pvt Ltd,N/A,23 Jan 2025,N/A,http://infopark.in/companies/company/company-jobs/523/77784
AI/ML - Architect,Techversant Infotech Pvt Ltd,N/A,23 Jan 2025,N/A,http://infopark.in/companies/company/company-jobs/209/72030
Senior Business Analyst,Techversant Infotech Pvt Ltd,N/A,23 Jan 2025,N/A,http://infopark.in/companies/company/company-jobs/209/74284
Lead - React Native Developer,Techversant Infotech Pvt Ltd,N/A,23 Jan 2025,N/A,http://infopark.in/companies/company/company-jobs/209/73367
Dotnet Developer,Voxtron Solutions LLP,N/A,23 Jan 2025,N/A,http://infopark.in/companies/company/company-jobs/513/73596
Business Development Associate : Trainee,Techversant Infotech Pvt Ltd,N/A,23 Jan 2025,N/A,http://infopark.in/companies/company/company-jobs/209/75502
Associate  Project Manager,Techversant Infotech Pvt Ltd,N/A,23 Jan 2025,N/A,http://infopark.in/companies/company/company-jobs/209/75643
Digital Marketing (1 - 4 Years),Policy4us Insurance Web Aggregator Pvt Ltd,N/A,23 Jan 2025,N/A,http://infopark.in/companies/company/company-jobs/523/77788
Sales Executive - (2 - 4 Years),Policy4us Insurance Web Aggregator Pvt Ltd,N/A,23 Jan 2025,N/A,http://infopark.in/companies/company/company-jobs/523/77787
Front-End Developer (React.js 2 - 4 years),Policy4us Insurance Web Aggregator Pvt Ltd,N/A,23 Jan 2025,N/A,http://infopark.in/companies/company/company-jobs/523/77791
Graphic Designer (1 - 3 Years),Policy4us Insurance Web Aggregator Pvt Ltd,N/A,23 Jan 2025,N/A,http://infopark.in/companies/company/company-jobs/523/77790
HR - Senior Executive (3+ years),Policy4us Insurance Web Aggregator Pvt Ltd,N/A,23 Jan 2025,N/A,http://infopark.in/companies/company/company-jobs/523/77786
Software Engineer - .Net,Emsyne Technologies Privated Limited,N/A,24 Jan 2025,N/A,http://infopark.in/companies/company/company-jobs/193/47759
Product Marketing Intern,Grapelime Innovations Private Limited.,N/A,24 Jan 2025,N/A,http://infopark.in/companies/company/company-jobs/473/77808
Project Manager - IT,Emsyne Technologies Privated Limited,N/A,24 Jan 2025,N/A,http://infopark.in/companies/company/company-jobs/193/77515
Project Manager - ERP,Voxtron Solutions LLP,N/A,24 Jan 2025,N/A,http://infopark.in/companies/company/company-jobs/513/53509
Sr. Android Developer (8+ years),Appadore Private Limited,N/A,24 Jan 2025,N/A,http://infopark.in/companies/company/company-jobs/430/68109
Odoo Functional Lead (Finance ),Voxtron Solutions LLP,N/A,24 Jan 2025,N/A,http://infopark.in/companies/company/company-jobs/513/70083
Software Support Specialist,Penguin Data Centre Pvt.Ltd.,N/A,24 Jan 2025,N/A,http://infopark.in/companies/company/company-jobs/340/77762
Senior Videographer cum Video Editor ( 1 - 3 Years),GALTech Technologies Pvt Ltd,N/A,25 Jan 2025,N/A,http://infopark.in/companies/company/company-jobs/360/64459
Python Data Science Trainer cum Developer,GALTech Technologies Pvt Ltd,N/A,25 Jan 2025,N/A,http://infopark.in/companies/company/company-jobs/360/76832
Data Analytics Training and Internship,GALTech Technologies Pvt Ltd,N/A,25 Jan 2025,N/A,http://infopark.in/companies/company/company-jobs/360/76821
WordPress Development Training & Internship,GALTech Technologies Pvt Ltd,N/A,25 Jan 2025,N/A,http://infopark.in/companies/company/company-jobs/360/76825
Graphic Designer,Violet Frames,N/A,25 Jan 2025,N/A,http://infopark.in/companies/company/company-jobs/642/77559
Software engineer/ Java Developer 4-6yrs experience,CoolMinds Technologies Pvt Ltd.,N/A,25 Jan 2025,N/A,http://infopark.in/companies/company/company-jobs/10/76117
HR Executive,GALTech Technologies Pvt Ltd,N/A,25 Jan 2025,N/A,http://infopark.in/companies/company/company-jobs/360/76831
Data Science Training & Internship,GALTech Technologies Pvt Ltd,N/A,25 Jan 2025,N/A,http://infopark.in/companies/company/company-jobs/360/76823
Social Media Content Creator cum Video Presentor,GALTech Technologies Pvt Ltd,N/A,25 Jan 2025,N/A,http://infopark.in/companies/company/company-jobs/360/76830
Video Editor ( Exp: 0 - 2 Years),GALTech Technologies Pvt Ltd,N/A,25 Jan 2025,N/A,http://infopark.in/companies/company/company-jobs/360/76828
JAVA DEVELOPER,Intbrains Private Limited,N/A,25 Jan 2025,N/A,http://infopark.in/companies/company/company-jobs/550/72232
Experienced Accountant / Finance Executive,GALTech Technologies Pvt Ltd,N/A,25 Jan 2025,N/A,http://infopark.in/companies/company/company-jobs/360/75945
Business Development Executive,GALTech Technologies Pvt Ltd,N/A,25 Jan 2025,N/A,http://infopark.in/companies/company/company-jobs/360/70739
Full Stack Development Training & Internship,GALTech Technologies Pvt Ltd,N/A,25 Jan 2025,N/A,http://infopark.in/companies/company/company-jobs/360/76824
Digital Marketing Interns,GALTech Technologies Pvt Ltd,N/A,25 Jan 2025,N/A,http://infopark.in/companies/company/company-jobs/360/75949
Senior PHP Developer (2-3 Years),GALTech Technologies Pvt Ltd,N/A,25 Jan 2025,N/A,http://infopark.in/companies/company/company-jobs/360/75615
Graphic Designer (0-2 years ),Titan Tech Emirates Pvt Ltd,N/A,25 Jan 2025,N/A,http://infopark.in/companies/company/company-jobs/490/75582
Magento Developer(Minimum 3-5 Years Experience),9Commerce Technologies,N/A,25 Jan 2025,N/A,http://infopark.in/companies/company/company-jobs/438/77403
UI/UX Designer internship,Appadore Private Limited,N/A,25 Jan 2025,N/A,http://infopark.in/companies/company/company-jobs/430/77622
Qulaity Assurance Engineer,Seeroo IT Solutions,N/A,25 Jan 2025,N/A,http://infopark.in/companies/company/company-jobs/534/77673
Software Engineer (.Net Core),Emsyne Technologies Privated Limited,N/A,27 Jan 2025,N/A,http://infopark.in/companies/company/company-jobs/193/65569
Full Stack Java Developer ( Angular + Devops + CI/CD ),Stepping Stone Consultancy Services,N/A,28 Jan 2025,N/A,http://infopark.in/companies/company/company-jobs/528/75807
French Language Expert (1+years of experience),Stepping Stone Consultancy Services,N/A,30 Jan 2025,N/A,http://infopark.in/companies/company/company-jobs/528/75419
Software Test Engineer : Experienced  (Automation),InerG Software Innovations Pvt.Ltd.,N/A,30 Jan 2025,N/A,http://infopark.in/companies/company/company-jobs/352/15625
PHP Fullstack Developer,Daddara,N/A,30 Jan 2025,N/A,http://infopark.in/companies/company/company-jobs/553/76446
Python Developer ( 5 + Years Exp),Appadore Private Limited,N/A,30 Jan 2025,N/A,http://infopark.in/companies/company/company-jobs/430/35466
React JS Developer,Appadore Private Limited,N/A,30 Jan 2025,N/A,http://infopark.in/companies/company/company-jobs/430/35471
Node JS Developer,Appadore Private Limited,N/A,30 Jan 2025,N/A,http://infopark.in/companies/company/company-jobs/430/37744
Frontend Developer - NextJS,Appadore Private Limited,N/A,30 Jan 2025,N/A,http://infopark.in/companies/company/company-jobs/430/73083
Sr iOS Developer - Swift UI,Appadore Private Limited,N/A,30 Jan 2025,N/A,http://infopark.in/companies/company/company-jobs/430/53191
iOS Developer,Appadore Private Limited,N/A,30 Jan 2025,N/A,http://infopark.in/companies/company/company-jobs/430/53192
Jr Android Developer (2+ years),Appadore Private Limited,N/A,30 Jan 2025,N/A,http://infopark.in/companies/company/company-jobs/430/53239
IT Security Specialist (4+ years Experience ),Stepping Stone Consultancy Services,N/A,30 Jan 2025,N/A,http://infopark.in/companies/company/company-jobs/528/77318
iOS Developer - SWIFT UI,Appadore Private Limited,N/A,30 Jan 2025,N/A,http://infopark.in/companies/company/company-jobs/430/55233
Sr Fullstack Developer (Java),Stepping Stone Consultancy Services,N/A,30 Jan 2025,N/A,http://infopark.in/companies/company/company-jobs/528/77390
QUALITY ANALYST / TESTER (Immediate Joiners),Appadore Private Limited,N/A,30 Jan 2025,N/A,http://infopark.in/companies/company/company-jobs/430/62366
Asp.Net Free Internship,Phases India Technology Solutions Pvt Ltd,N/A,30 Jan 2025,N/A,http://infopark.in/companies/company/company-jobs/558/77609
Medical Coding-IP,Dynamed Healthcare Solutions Pvt.Ltd.,N/A,30 Jan 2025,N/A,http://infopark.in/companies/company/company-jobs/298/76221
Junior Finance Executive,Phases India Technology Solutions Pvt Ltd,N/A,30 Jan 2025,N/A,http://infopark.in/companies/company/company-jobs/558/77610
AWS/DevOps Engineer,Appadore Private Limited,N/A,30 Jan 2025,N/A,http://infopark.in/companies/company/company-jobs/430/74154
Senior Digital Marketing Specialist,Fingent Global Solutions,N/A,30 Jan 2025,N/A,http://infopark.in/companies/company/company-jobs/204/77324
Full Stack Developer,Phases India Technology Solutions Pvt Ltd,N/A,30 Jan 2025,N/A,http://infopark.in/companies/company/company-jobs/558/77608
Associate Creative Director - Copy,Dynamed Healthcare Solutions Pvt.Ltd.,N/A,30 Jan 2025,N/A,http://infopark.in/companies/company/company-jobs/298/76370
Content Writer Internship,Appadore Private Limited,N/A,30 Jan 2025,N/A,http://infopark.in/companies/company/company-jobs/430/76542
Junior WordPress Developer,Phases India Technology Solutions Pvt Ltd,N/A,30 Jan 2025,N/A,http://infopark.in/companies/company/company-jobs/558/77611
Quality Analyst/Tester  Internship,Appadore Private Limited,N/A,30 Jan 2025,N/A,http://infopark.in/companies/company/company-jobs/430/76546
Digital Marketing Internship,Appadore Private Limited,N/A,30 Jan 2025,N/A,http://infopark.in/companies/company/company-jobs/430/76548
UI Designer - Web & Mobile,Phases India Technology Solutions Pvt Ltd,N/A,30 Jan 2025,N/A,http://infopark.in/companies/company/company-jobs/558/77612
Senior Manual Test Lead,Experion Technologies,N/A,30 Jan 2025,N/A,http://infopark.in/companies/company/company-jobs/252/77439
Creative Designer  intern,Appadore Private Limited,N/A,30 Jan 2025,N/A,http://infopark.in/companies/company/company-jobs/430/77623
C ++ Developer,Bridge Global Software Solutions Pvt Ltd (India),N/A,31 Jan 2025,N/A,http://infopark.in/companies/company/company-jobs/608/77711
Brand Designer(Exp:3+ years),Webandcrafts,N/A,31 Jan 2025,N/A,http://infopark.in/companies/company/company-jobs/258/72230
Data Engineer,CCS Technologies (P) Ltd,N/A,31 Jan 2025,N/A,http://infopark.in/companies/company/company-jobs/105/76982
Trainee SAP Basis,CCS Technologies (P) Ltd,N/A,31 Jan 2025,N/A,http://infopark.in/companies/company/company-jobs/105/76984
Operations Executive - Claims Process (UAE insurance Brokers),HTIC Global,N/A,31 Jan 2025,N/A,http://infopark.in/companies/company/company-jobs/365/76960
Wordpress Developer (Exp:2+years),Webandcrafts,N/A,31 Jan 2025,N/A,http://infopark.in/companies/company/company-jobs/258/38058
Project Lead,Pumex InfoTech Pvt Ltd,N/A,31 Jan 2025,N/A,http://infopark.in/companies/company/company-jobs/63/77167
INTERNSHIP - SOFTWARE DEVELOPMENT,Aabasoft Technologies India Private Limited,N/A,31 Jan 2025,N/A,http://infopark.in/companies/company/company-jobs/225/42802
Software Engineer (Frontend) - React.js,InerG Software Innovations Pvt.Ltd.,N/A,31 Jan 2025,N/A,http://infopark.in/companies/company/company-jobs/352/20491
Technical Project Manager,Innovature Software Labs (P) Ltd,N/A,31 Jan 2025,N/A,http://infopark.in/companies/company/company-jobs/361/43662
Android Developer (Exp: 0 - 1 Years),Webandcrafts,N/A,31 Jan 2025,N/A,http://infopark.in/companies/company/company-jobs/258/66573
Software Support Engineer (SSE),InerG Software Innovations Pvt.Ltd.,N/A,31 Jan 2025,N/A,http://infopark.in/companies/company/company-jobs/352/63970
Technical Lead,Innovature Software Labs (P) Ltd,N/A,31 Jan 2025,N/A,http://infopark.in/companies/company/company-jobs/361/77483
Software Engineers - Python (Back-end),InerG Software Innovations Pvt.Ltd.,N/A,31 Jan 2025,N/A,http://infopark.in/companies/company/company-jobs/352/34574
SAP BODS,Dynamed Healthcare Solutions Pvt.Ltd.,N/A,31 Jan 2025,N/A,http://infopark.in/companies/company/company-jobs/298/77395
Junior Product Manager,Radiant Acemoney,N/A,31 Jan 2025,N/A,http://infopark.in/companies/company/company-jobs/414/76441
Senior Android Developer,Nymbl,N/A,31 Jan 2025,N/A,http://infopark.in/companies/company/company-jobs/500/76740
Purchasing Coordinator,Jachoos Technologies Private Limited,N/A,31 Jan 2025,N/A,http://infopark.in/companies/company/company-jobs/540/77291
Technical Support Operations Manager (10-12 Years),"Verteil Technologies Private Limited,",N/A,31 Jan 2025,N/A,http://infopark.in/companies/company/company-jobs/442/77462
Dotnet Technical Lead,Thinkpalm Technologies Pvt.Ltd,N/A,31 Jan 2025,N/A,http://infopark.in/companies/company/company-jobs/114/31518
Project Coordinator - IT & Infrastructure Services,Aabasoft Technologies India Private Limited,N/A,31 Jan 2025,N/A,http://infopark.in/companies/company/company-jobs/225/35631
Specialist – People & Culture,Experion Technologies,N/A,31 Jan 2025,N/A,http://infopark.in/companies/company/company-jobs/252/77803
Business Development Executive,Onesoft Technologies LLP,N/A,31 Jan 2025,N/A,http://infopark.in/companies/company/company-jobs/589/76075
Inside Sales Executive,Webdura Technologies,N/A,31 Jan 2025,N/A,http://infopark.in/companies/company/company-jobs/358/76631
GRC Analyst - Payment Security,ValueMentor Infosec Pvt. Ltd.,N/A,31 Jan 2025,N/A,http://infopark.in/companies/company/company-jobs/190/77397
Java Architect,Thinkpalm Technologies Pvt.Ltd,N/A,31 Jan 2025,N/A,http://infopark.in/companies/company/company-jobs/114/77060
Junior Backend Developer,Webdura Technologies,N/A,31 Jan 2025,N/A,http://infopark.in/companies/company/company-jobs/358/77627
Product Specialist,Dooth Internet Service Pvt. Ltd.,N/A,31 Jan 2025,N/A,http://infopark.in/companies/company/company-jobs/615/77319
Angular Project Lead,Thinkpalm Technologies Pvt.Ltd,N/A,31 Jan 2025,N/A,http://infopark.in/companies/company/company-jobs/114/77061
EXPERIENCED UI/UX DESIGNER,TouchWorld Technology,N/A,31 Jan 2025,N/A,http://infopark.in/companies/company/company-jobs/529/77555
Apprentice- Software Engineer,Overbrook Technology Services (P) Ltd,N/A,31 Jan 2025,N/A,http://infopark.in/companies/company/company-jobs/273/71142
Website Designer ***Urgent Requirement***,CodeDesign Technologies Pvt Ltd,N/A,31 Jan 2025,N/A,http://infopark.in/companies/company/company-jobs/420/61870
Digital Marketing Executive-2-3 years,Techware Lab Pvt.Ltd.,N/A,31 Jan 2025,N/A,http://infopark.in/companies/company/company-jobs/445/77488
Digital Marketing Internship,ROGERSOFT Technologies,N/A,31 Jan 2025,N/A,http://infopark.in/companies/company/company-jobs/486/42801
Client Experienced Specialist (0 - 1 Years),Webandcrafts,N/A,31 Jan 2025,N/A,http://infopark.in/companies/company/company-jobs/258/45242
Content Creator - Learning & Development,AMPLITUDE SOFTWARE SYSTEMS PRIVATE LIMITED,N/A,31 Jan 2025,N/A,http://infopark.in/companies/company/company-jobs/503/77561
Flutter Developer,Orestes Technologies Pvt Ltd,N/A,31 Jan 2025,N/A,http://infopark.in/companies/company/company-jobs/567/69945
Sr. QA Engineer,Penguin Data Centre Pvt.Ltd.,N/A,31 Jan 2025,N/A,http://infopark.in/companies/company/company-jobs/340/77117
Finance Executive (Exp: 0 - 1 Years),Webandcrafts,N/A,31 Jan 2025,N/A,http://infopark.in/companies/company/company-jobs/258/65248
Digital Marketing Intern (Live projects),Orestes Technologies Pvt Ltd,N/A,31 Jan 2025,N/A,http://infopark.in/companies/company/company-jobs/567/70743
video Editor (immediate hiring),Ynot Infosolutions,N/A,31 Jan 2025,N/A,http://infopark.in/companies/company/company-jobs/439/77376
RPA Developer,SupportHub360,N/A,31 Jan 2025,N/A,http://infopark.in/companies/company/company-jobs/551/76028
UI UX Designer,Nymbl,N/A,31 Jan 2025,N/A,http://infopark.in/companies/company/company-jobs/500/76744
Sales Executive,MarketBytes WebWorks Private Limited,N/A,31 Jan 2025,N/A,http://infopark.in/companies/company/company-jobs/637/77381
Python Django Developer Intern,AVENTUS INFORMATICS,N/A,31 Jan 2025,N/A,http://infopark.in/companies/company/company-jobs/315/77292
Chief Accountant,Syriac Consultancy Services Private Limited,N/A,31 Jan 2025,N/A,http://infopark.in/companies/company/company-jobs/610/76538
Tech Lead - DotNet Core Developer,Thinkpalm Technologies Pvt.Ltd,N/A,31 Jan 2025,N/A,http://infopark.in/companies/company/company-jobs/114/77059
Performance marketing Strategist (Exp:4+years),Webandcrafts,N/A,31 Jan 2025,N/A,http://infopark.in/companies/company/company-jobs/258/69693
Software Test Analyst,JK Lucent Pvt Ltd,N/A,31 Jan 2025,N/A,http://infopark.in/companies/company/company-jobs/592/76790
Java/Angular Developer,NDimensionZ Solutions Pvt.Ltd.,N/A,31 Jan 2025,N/A,http://infopark.in/companies/company/company-jobs/383/77728
Manager - HRBP,HTIC Global,N/A,31 Jan 2025,N/A,http://infopark.in/companies/company/company-jobs/365/63207
Content Creation Intern (0-1 year),Webandcrafts,N/A,31 Jan 2025,N/A,http://infopark.in/companies/company/company-jobs/258/76805
React Developers,Edstem Technologies Pvt Ltd,N/A,31 Jan 2025,N/A,http://infopark.in/companies/company/company-jobs/518/65880
Business Analyst (Exp: 2+years),Webandcrafts,N/A,31 Jan 2025,N/A,http://infopark.in/companies/company/company-jobs/258/69649
Software Functional Support/ Implementer Trainee,AMPLITUDE SOFTWARE SYSTEMS PRIVATE LIMITED,N/A,31 Jan 2025,N/A,http://infopark.in/companies/company/company-jobs/503/77560
Senior Software Engineer - Back End (Python),InerG Software Innovations Pvt.Ltd.,N/A,31 Jan 2025,N/A,http://infopark.in/companies/company/company-jobs/352/65042
Project  Manager  (Exp: 4+ years),Webandcrafts,N/A,31 Jan 2025,N/A,http://infopark.in/companies/company/company-jobs/258/69648
Python Internship,ROGERSOFT Technologies,N/A,31 Jan 2025,N/A,http://infopark.in/companies/company/company-jobs/486/62035
Junior Associate (Tele Marketing),AMPLITUDE SOFTWARE SYSTEMS PRIVATE LIMITED,N/A,31 Jan 2025,N/A,http://infopark.in/companies/company/company-jobs/503/77562
React JS Developer,Pumex InfoTech Pvt Ltd,N/A,31 Jan 2025,N/A,http://infopark.in/companies/company/company-jobs/63/62350
Visa-Operations (CIT),HTIC Global,N/A,31 Jan 2025,N/A,http://infopark.in/companies/company/company-jobs/365/69270
SEO Specialist,JK Lucent Pvt Ltd,N/A,31 Jan 2025,N/A,http://infopark.in/companies/company/company-jobs/592/76789
Sr. HRMS Implementation Executive,Voyon Technology Pvt Ltd,N/A,31 Jan 2025,N/A,http://infopark.in/companies/company/company-jobs/549/75058
Sr.Wordpress Developer,Orestes Technologies Pvt Ltd,N/A,31 Jan 2025,N/A,http://infopark.in/companies/company/company-jobs/567/70016
Senior JAVA Developer (In Sourcing for UK Company),Portrave Solutions Pvt Ltd,N/A,31 Jan 2025,N/A,http://infopark.in/companies/company/company-jobs/561/72402
Senior Odoo Developer,HTIC Global,N/A,31 Jan 2025,N/A,http://infopark.in/companies/company/company-jobs/365/69266
Finance Manager,HTIC Global,N/A,31 Jan 2025,N/A,http://infopark.in/companies/company/company-jobs/365/69273
Sr Executive - Accounts Receivables,HTIC Global,N/A,31 Jan 2025,N/A,http://infopark.in/companies/company/company-jobs/365/65935
QA Lead,Dooth Internet Service Pvt. Ltd.,N/A,31 Jan 2025,N/A,http://infopark.in/companies/company/company-jobs/615/77534
UI Developer (Exp: 4+ Years),Webandcrafts,N/A,31 Jan 2025,N/A,http://infopark.in/companies/company/company-jobs/258/69641
Content Writer (Exp: 4+ years),Webandcrafts,N/A,31 Jan 2025,N/A,http://infopark.in/companies/company/company-jobs/258/69644
Automation Test Analyst,JK Lucent Pvt Ltd,N/A,31 Jan 2025,N/A,http://infopark.in/companies/company/company-jobs/592/76792
PHP Developer ( Exp:4+ Years),Webandcrafts,N/A,31 Jan 2025,N/A,http://infopark.in/companies/company/company-jobs/258/68357
SEO Analyst (Exp:4+Years),Webandcrafts,N/A,31 Jan 2025,N/A,http://infopark.in/companies/company/company-jobs/258/69633
Senior PHP Developer,Orestes Technologies Pvt Ltd,N/A,31 Jan 2025,N/A,http://infopark.in/companies/company/company-jobs/567/67908
Sales Consultants - Travel Process,HTIC Global,N/A,31 Jan 2025,N/A,http://infopark.in/companies/company/company-jobs/365/69275
Python FastAPI Developer- (Immediate joiners),Orestes Technologies Pvt Ltd,N/A,31 Jan 2025,N/A,http://infopark.in/companies/company/company-jobs/567/76978
Senior Marketing Manager,HTIC Global,N/A,31 Jan 2025,N/A,http://infopark.in/companies/company/company-jobs/365/72543
BACKEND DEVELOPER (NodeJS)  Experinced,TouchWorld Technology,N/A,31 Jan 2025,N/A,http://infopark.in/companies/company/company-jobs/529/74468
Business development manager,Innovature Software Labs (P) Ltd,N/A,31 Jan 2025,N/A,http://infopark.in/companies/company/company-jobs/361/77485
Shopify Developer  (Exp : 2-6 years),Webandcrafts,N/A,31 Jan 2025,N/A,http://infopark.in/companies/company/company-jobs/258/69637
Magento Developer (Exp:5+ Years),Webandcrafts,N/A,31 Jan 2025,N/A,http://infopark.in/companies/company/company-jobs/258/68521
Graphic Designer (Exp: 0-5 Years ),Webandcrafts,N/A,31 Jan 2025,N/A,http://infopark.in/companies/company/company-jobs/258/69696
Inbound Sales Executive/Manager (Exp: 0-8 years),Webandcrafts,N/A,31 Jan 2025,N/A,http://infopark.in/companies/company/company-jobs/258/69311
UI/UX Designer (Exp: 2+Years),Webandcrafts,N/A,31 Jan 2025,N/A,http://infopark.in/companies/company/company-jobs/258/69653
React. js Developer ( Exp: 2+ years),Webandcrafts,N/A,31 Jan 2025,N/A,http://infopark.in/companies/company/company-jobs/258/69652
Social Media Executive (Exp: 4+ years),Webandcrafts,N/A,31 Jan 2025,N/A,http://infopark.in/companies/company/company-jobs/258/69650
Senior Sales executive(digital marketing),Webdura Technologies,N/A,31 Jan 2025,N/A,http://infopark.in/companies/company/company-jobs/358/72480
Python Developer (Exp: 2+ Years),Webandcrafts,N/A,31 Jan 2025,N/A,http://infopark.in/companies/company/company-jobs/258/69695
Sales Associates – Aviation Process,HTIC Global,N/A,31 Jan 2025,N/A,http://infopark.in/companies/company/company-jobs/365/70607
Sales Consultant - Insurance,HTIC Global,N/A,31 Jan 2025,N/A,http://infopark.in/companies/company/company-jobs/365/69277
Sales Managers,HTIC Global,N/A,31 Jan 2025,N/A,http://infopark.in/companies/company/company-jobs/365/69279
Regional Leader – Sales,HTIC Global,N/A,31 Jan 2025,N/A,http://infopark.in/companies/company/company-jobs/365/69280
Scrum Master,Chillar Payment Solutions Pvt.Ltd.,N/A,31 Jan 2025,N/A,http://infopark.in/companies/company/company-jobs/349/77640
Data Architect,Experion Technologies,N/A,31 Jan 2025,N/A,http://infopark.in/companies/company/company-jobs/252/77552
International Voice Process Associate,Speridian Technologies Pvt Ltd,N/A,31 Jan 2025,N/A,http://infopark.in/companies/company/company-jobs/309/77753
Frontend Developer,Senscript Technologies Pvt Ltd,N/A,31 Jan 2025,N/A,http://infopark.in/companies/company/company-jobs/524/77389
Shopify Developer(1-2 Years Experience),9Commerce Technologies,N/A,31 Jan 2025,N/A,http://infopark.in/companies/company/company-jobs/438/77755
Spring Boot Developers,Edstem Technologies Pvt Ltd,N/A,31 Jan 2025,N/A,http://infopark.in/companies/company/company-jobs/518/70420
Senior Product Manager,Radiant Acemoney,N/A,31 Jan 2025,N/A,http://infopark.in/companies/company/company-jobs/414/76440
DotNet developer (React),Stepping Stone Consultancy Services,N/A,31 Jan 2025,N/A,http://infopark.in/companies/company/company-jobs/528/77279
videographer(2+years),Webandcrafts,N/A,31 Jan 2025,N/A,http://infopark.in/companies/company/company-jobs/258/72234
Data Scientist,Art Technology and Software.,N/A,31 Jan 2025,N/A,http://infopark.in/companies/company/company-jobs/7/77814
Digital Marketing Specialist,Bridge Global Software Solutions Pvt Ltd (India),N/A,31 Jan 2025,N/A,http://infopark.in/companies/company/company-jobs/608/77712
Product Designer(4+years),Webandcrafts,N/A,31 Jan 2025,N/A,http://infopark.in/companies/company/company-jobs/258/72233
Business Development Executive Intern,JK Lucent Pvt Ltd,N/A,31 Jan 2025,N/A,http://infopark.in/companies/company/company-jobs/592/76788
Business Development Executive,JK Lucent Pvt Ltd,N/A,31 Jan 2025,N/A,http://infopark.in/companies/company/company-jobs/592/76787
"Jr. Security Analyst (WEB, NETWORK, MOBILE TESTING)",ValueMentor Infosec Pvt. Ltd.,N/A,31 Jan 2025,N/A,http://infopark.in/companies/company/company-jobs/190/77754
GRAPHIC DESIGNER (immediate hiring),Ynot Infosolutions,N/A,31 Jan 2025,N/A,http://infopark.in/companies/company/company-jobs/439/77230
Senior Student Counsellor - Overseas Education,HTIC Global,N/A,31 Jan 2025,N/A,http://infopark.in/companies/company/company-jobs/365/71908
Manager - Customer Excellence,HTIC Global,N/A,31 Jan 2025,N/A,http://infopark.in/companies/company/company-jobs/365/72542
Manager - Customer Experience,HTIC Global,N/A,31 Jan 2025,N/A,http://infopark.in/companies/company/company-jobs/365/72545
Head of Digital Marketing,HTIC Global,N/A,31 Jan 2025,N/A,http://infopark.in/companies/company/company-jobs/365/72546
Sr Laravel Developer,Mozilor Technologies Pvt. Ltd.,N/A,31 Jan 2025,N/A,http://infopark.in/companies/company/company-jobs/510/77427
Sales Consultant - Holidays,HTIC Global,N/A,31 Jan 2025,N/A,http://infopark.in/companies/company/company-jobs/365/72812
Sr. QA Engineer (In Sourcing For UK Company),Portrave Solutions Pvt Ltd,N/A,31 Jan 2025,N/A,http://infopark.in/companies/company/company-jobs/561/74019
Quality Analyst - Consultant,Pumex InfoTech Pvt Ltd,N/A,31 Jan 2025,N/A,http://infopark.in/companies/company/company-jobs/63/72941
Software Engineer (.NET),Voyon Technology Pvt Ltd,N/A,31 Jan 2025,N/A,http://infopark.in/companies/company/company-jobs/549/73376
Big Commerce Developer,Orestes Technologies Pvt Ltd,N/A,31 Jan 2025,N/A,http://infopark.in/companies/company/company-jobs/567/75320
Program Manager,Experion Technologies,N/A,31 Jan 2025,N/A,http://infopark.in/companies/company/company-jobs/252/77567
Head of Holidays -Travel,HTIC Global,N/A,31 Jan 2025,N/A,http://infopark.in/companies/company/company-jobs/365/73887
React Developer (4-7 years),Cabot Technology Solutions Pvt. Ltd.,N/A,31 Jan 2025,N/A,http://infopark.in/companies/company/company-jobs/167/73279
DevOps Engineer,Innovature Software Labs (P) Ltd,N/A,31 Jan 2025,N/A,http://infopark.in/companies/company/company-jobs/361/77487
Digital Marketing Lead,Bridge Global Software Solutions Pvt Ltd (India),N/A,31 Jan 2025,N/A,http://infopark.in/companies/company/company-jobs/608/76270
Senior Database QA Engineer,Bridge Global Software Solutions Pvt Ltd (India),N/A,31 Jan 2025,N/A,http://infopark.in/companies/company/company-jobs/608/74505
Senior Python Developer,Bridge Global Software Solutions Pvt Ltd (India),N/A,31 Jan 2025,N/A,http://infopark.in/companies/company/company-jobs/608/76930
Senior System Engineer,Bridge Global Software Solutions Pvt Ltd (India),N/A,31 Jan 2025,N/A,http://infopark.in/companies/company/company-jobs/608/76931
Operations Executive - Medical Underwriting (Health Insurance Industry),HTIC Global,N/A,31 Jan 2025,N/A,http://infopark.in/companies/company/company-jobs/365/76356
Project Manager,Orestes Technologies Pvt Ltd,N/A,31 Jan 2025,N/A,http://infopark.in/companies/company/company-jobs/567/73379
Technical Lead,TechTaliya Informatics Pvt. Ltd.,N/A,31 Jan 2025,N/A,http://infopark.in/companies/company/company-jobs/459/77181
Marketing Automation Manager(Exp:2+Years),Webandcrafts,N/A,31 Jan 2025,N/A,http://infopark.in/companies/company/company-jobs/258/73447
Analytics Head (Exp:3+ Years),Webandcrafts,N/A,31 Jan 2025,N/A,http://infopark.in/companies/company/company-jobs/258/73448
ANGULAR DEVELOPER  EXPERIENCED,TouchWorld Technology,N/A,31 Jan 2025,N/A,http://infopark.in/companies/company/company-jobs/529/73511
ANGULAR DEVELOPER TEAM LEAD,TouchWorld Technology,N/A,31 Jan 2025,N/A,http://infopark.in/companies/company/company-jobs/529/76882
Dot NET Developer,Onesoft Technologies LLP,N/A,31 Jan 2025,N/A,http://infopark.in/companies/company/company-jobs/589/76575
Application Support Analyst,Art Technology and Software.,N/A,31 Jan 2025,N/A,http://infopark.in/companies/company/company-jobs/7/77816
Software Developers (.Net/.Net Core),LucidPlus IT Solutions,N/A,31 Jan 2025,N/A,http://infopark.in/companies/company/company-jobs/95/74101
Project Manager/Coordinator,Syriac Consultancy Services Private Limited,N/A,31 Jan 2025,N/A,http://infopark.in/companies/company/company-jobs/610/73701
Head of Sales - Banking/Insurance,HTIC Global,N/A,31 Jan 2025,N/A,http://infopark.in/companies/company/company-jobs/365/73881
Social Media Marketing Excecutive,AVENTUS INFORMATICS,N/A,31 Jan 2025,N/A,http://infopark.in/companies/company/company-jobs/315/77758
Business Development Manager - Hiring for UAE Location with B2B Sales Experience,HTIC Global,N/A,31 Jan 2025,N/A,http://infopark.in/companies/company/company-jobs/365/74929
BUSINESS DEVELOPMENT EXECUTIVE,Orestes Technologies Pvt Ltd,N/A,31 Jan 2025,N/A,http://infopark.in/companies/company/company-jobs/567/73964
Product Designer (ERP / Dashboards),Webandcrafts,N/A,31 Jan 2025,N/A,http://infopark.in/companies/company/company-jobs/258/74053
Node.js developer (Immediate Joiners).,Orestes Technologies Pvt Ltd,N/A,31 Jan 2025,N/A,http://infopark.in/companies/company/company-jobs/567/76648
Business Development Manager(Female candidates)(WFH),MapleTech Space Pvt Ltd,N/A,31 Jan 2025,N/A,http://infopark.in/companies/company/company-jobs/469/76313
Product Manager(Exp:4+years),Webandcrafts,N/A,31 Jan 2025,N/A,http://infopark.in/companies/company/company-jobs/258/75979
Service Monitoring Analyst,Art Technology and Software.,N/A,31 Jan 2025,N/A,http://infopark.in/companies/company/company-jobs/7/77815
Lead Generation Executive,JK Lucent Pvt Ltd,N/A,31 Jan 2025,N/A,http://infopark.in/companies/company/company-jobs/592/77537
IT INFRASTRUCTURE  - PROJECT COORDINATOR,Jachoos Technologies Private Limited,N/A,31 Jan 2025,N/A,http://infopark.in/companies/company/company-jobs/540/75069
Business Analyst (Digital Marketing),TechTaliya Informatics Pvt. Ltd.,N/A,31 Jan 2025,N/A,http://infopark.in/companies/company/company-jobs/459/75653
UI UX Designer Internship,Orestes Technologies Pvt Ltd,N/A,31 Jan 2025,N/A,http://infopark.in/companies/company/company-jobs/567/75160
Junior Content Writer- Internship,Orestes Technologies Pvt Ltd,N/A,31 Jan 2025,N/A,http://infopark.in/companies/company/company-jobs/567/75162
IT Project Coordinator,CodeDesign Technologies Pvt Ltd,N/A,31 Jan 2025,N/A,http://infopark.in/companies/company/company-jobs/420/77783
Technical Architect,Innovature Software Labs (P) Ltd,N/A,31 Jan 2025,N/A,http://infopark.in/companies/company/company-jobs/361/77484
Business Technical Support  (RCM),Dynamed Healthcare Solutions Pvt.Ltd.,N/A,31 Jan 2025,N/A,http://infopark.in/companies/company/company-jobs/298/77358
Jr. Video journalist cum content creator for social media handle (VJ-010),Calpine Group,N/A,31 Jan 2025,N/A,http://infopark.in/companies/company/company-jobs/1/75481
AEM Lead Developer,CCS Technologies (P) Ltd,N/A,31 Jan 2025,N/A,http://infopark.in/companies/company/company-jobs/105/75560
Full Stack Developer,NOMD Technologies,N/A,31 Jan 2025,N/A,http://infopark.in/companies/company/company-jobs/487/77467
Azure Developer,Voyon Technology Pvt Ltd,N/A,31 Jan 2025,N/A,http://infopark.in/companies/company/company-jobs/549/75572
Senior Sales Executive,AMPLITUDE SOFTWARE SYSTEMS PRIVATE LIMITED,N/A,31 Jan 2025,N/A,http://infopark.in/companies/company/company-jobs/503/77176
Desktop Support,Dynamed Healthcare Solutions Pvt.Ltd.,N/A,31 Jan 2025,N/A,http://infopark.in/companies/company/company-jobs/298/77078
Account Executive,ValueMentor Infosec Pvt. Ltd.,N/A,31 Jan 2025,N/A,http://infopark.in/companies/company/company-jobs/190/77306
Digital Marketing Manager,2Hats Logic Solutions Pvt. Ltd.,N/A,31 Jan 2025,N/A,http://infopark.in/companies/company/company-jobs/353/77338
Quality Assurance Engineer,Expeed Software Private Limited,N/A,31 Jan 2025,N/A,http://infopark.in/companies/company/company-jobs/629/76049
Business Development Executive,Orestes Technologies Pvt Ltd,N/A,31 Jan 2025,N/A,http://infopark.in/companies/company/company-jobs/567/75918
React Js Internship,AVENTUS INFORMATICS,N/A,31 Jan 2025,N/A,http://infopark.in/companies/company/company-jobs/315/76206
Process Associate,Privo TechCorp Private Limited,N/A,31 Jan 2025,N/A,http://infopark.in/companies/company/company-jobs/641/77406
"Consultant, SAP ABAP",CCS Technologies (P) Ltd,N/A,31 Jan 2025,N/A,http://infopark.in/companies/company/company-jobs/105/76901
.NET Developer Intern,QC Verify Private Limited,N/A,31 Jan 2025,N/A,http://infopark.in/companies/company/company-jobs/434/76315
EXPERIENCED VIDEO EDITOR,TouchWorld Technology,N/A,31 Jan 2025,N/A,http://infopark.in/companies/company/company-jobs/529/77355
System Administrator (JOB Code SA-2024/011/IT),Overbrook Technology Services (P) Ltd,N/A,31 Jan 2025,N/A,http://infopark.in/companies/company/company-jobs/273/76852
Administrative Assistant,Aabasoft Technologies India Private Limited,N/A,31 Jan 2025,N/A,http://infopark.in/companies/company/company-jobs/225/76275
Operations Manager,Applied Payments Technology Pvt Ltd.,N/A,31 Jan 2025,N/A,http://infopark.in/companies/company/company-jobs/450/77392
PHP Developer,2Hats Logic Solutions Pvt. Ltd.,N/A,31 Jan 2025,N/A,http://infopark.in/companies/company/company-jobs/353/77048
Walk in Drive 14- 31 January - Senior .Net Developer/Senior Python Django Developer/ Ruby on Rails,SayOne Technologies Pvt.Ltd.,N/A,31 Jan 2025,N/A,http://infopark.in/companies/company/company-jobs/295/77588
Jr Network Associate,Aabasoft Technologies India Private Limited,N/A,31 Jan 2025,N/A,http://infopark.in/companies/company/company-jobs/225/76353
Internship - Networking Site Technician (Structured Cabling Projects),Aabasoft Technologies India Private Limited,N/A,31 Jan 2025,N/A,http://infopark.in/companies/company/company-jobs/225/76386
Relationship Manager_WFH (Shift 9pm to 6am IST)-Bulk Hiring,MapleTech Space Pvt Ltd,N/A,31 Jan 2025,N/A,http://infopark.in/companies/company/company-jobs/469/76677
Junior frontend Developer,Webdura Technologies,N/A,31 Jan 2025,N/A,http://infopark.in/companies/company/company-jobs/358/77495
Head of Sales - Study Abroad,HTIC Global,N/A,31 Jan 2025,N/A,http://infopark.in/companies/company/company-jobs/365/76872
React Native Developer(2-5 Years Experience),9Commerce Technologies,N/A,31 Jan 2025,N/A,http://infopark.in/companies/company/company-jobs/438/77404
Video & Motion Designer(Work from Office)(1pm to 10 pm IST),MapleTech Space Pvt Ltd,N/A,31 Jan 2025,N/A,http://infopark.in/companies/company/company-jobs/469/77405
Software Engineer (Sharepoint SPFx),CCS Technologies (P) Ltd,N/A,31 Jan 2025,N/A,http://infopark.in/companies/company/company-jobs/105/77408
.NET Developer,NOMD Technologies,N/A,31 Jan 2025,N/A,http://infopark.in/companies/company/company-jobs/487/77468
Business Analyst,Expeed Software Private Limited,N/A,31 Jan 2025,N/A,http://infopark.in/companies/company/company-jobs/629/77489
Senior Frontend Developer,Webdura Technologies,N/A,31 Jan 2025,N/A,http://infopark.in/companies/company/company-jobs/358/77456
Jr Marketing Executive Trainee (Freshers),Technowave ID Systems PVT.LTD.,N/A,31 Jan 2025,N/A,http://infopark.in/companies/company/company-jobs/327/77558
MARKETING EXECUTIVE,CodeDesign Technologies Pvt Ltd,N/A,31 Jan 2025,N/A,http://infopark.in/companies/company/company-jobs/420/77472
Senior ReactJs Developer(3 years+),Dot In Technologies,N/A,31 Jan 2025,N/A,http://infopark.in/companies/company/company-jobs/387/77805
Full Stack Software Engineer Internship,Noa Infosolutions LLP,N/A,31 Jan 2025,N/A,http://infopark.in/companies/company/company-jobs/347/77706
Full stack Developer,Bridge Global Software Solutions Pvt Ltd (India),N/A,31 Jan 2025,N/A,http://infopark.in/companies/company/company-jobs/608/77713
UI UX Designer,Bridge Global Software Solutions Pvt Ltd (India),N/A,31 Jan 2025,N/A,http://infopark.in/companies/company/company-jobs/608/77714
Creative Designer,Thinkpalm Technologies Pvt.Ltd,N/A,31 Jan 2025,N/A,http://infopark.in/companies/company/company-jobs/114/77715
Project Manager,Experion Technologies,N/A,31 Jan 2025,N/A,http://infopark.in/companies/company/company-jobs/252/77568
Node- Lead Engineer/Architect,Experion Technologies,N/A,31 Jan 2025,N/A,http://infopark.in/companies/company/company-jobs/252/77569
Office Assistant,Radiant Acemoney,N/A,31 Jan 2025,N/A,http://infopark.in/companies/company/company-jobs/414/77652
System Administrator,Radiant Acemoney,N/A,31 Jan 2025,N/A,http://infopark.in/companies/company/company-jobs/414/77648
Tech Lead,Orestes Technologies Pvt Ltd,N/A,31 Jan 2025,N/A,http://infopark.in/companies/company/company-jobs/567/77649
MIS Executive cum Sales Coordination,Radiant Acemoney,N/A,31 Jan 2025,N/A,http://infopark.in/companies/company/company-jobs/414/77645
Technical support Executive,Radiant Acemoney,N/A,31 Jan 2025,N/A,http://infopark.in/companies/company/company-jobs/414/77646
Sales Manager - Insurance Sales,Radiant Acemoney,N/A,31 Jan 2025,N/A,http://infopark.in/companies/company/company-jobs/414/77647
SEO,Radiant Acemoney,N/A,31 Jan 2025,N/A,http://infopark.in/companies/company/company-jobs/414/77644
Customer Support executive,Radiant Acemoney,N/A,31 Jan 2025,N/A,http://infopark.in/companies/company/company-jobs/414/77642
Devops Engineer,Radiant Acemoney,N/A,31 Jan 2025,N/A,http://infopark.in/companies/company/company-jobs/414/77643
IT Project Coordinator,Jachoos Technologies Private Limited,N/A,31 Jan 2025,N/A,http://infopark.in/companies/company/company-jobs/540/77592
MERN Stack Developer-5 years Exp-Immediate joiner,Techware Lab Pvt.Ltd.,N/A,31 Jan 2025,N/A,http://infopark.in/companies/company/company-jobs/445/77593
QA Engineer Internship,Noa Infosolutions LLP,N/A,31 Jan 2025,N/A,http://infopark.in/companies/company/company-jobs/347/77707
.NET Developer - Job Code i(.NET- 158),Calpine Group,N/A,31 Jan 2025,N/A,http://infopark.in/companies/company/company-jobs/1/77740
Senior Node.js Developers(3 years+),Dot In Technologies,N/A,31 Jan 2025,N/A,http://infopark.in/companies/company/company-jobs/387/77806
UI/UX Designer Internship,Noa Infosolutions LLP,N/A,31 Jan 2025,N/A,http://infopark.in/companies/company/company-jobs/347/77708
GRC Analyst- Risk and Compliance,ValueMentor Infosec Pvt. Ltd.,N/A,31 Jan 2025,N/A,http://infopark.in/companies/company/company-jobs/190/77705
PL/SQL Developer,Nymbl,N/A,31 Jan 2025,N/A,http://infopark.in/companies/company/company-jobs/500/77676
Strategic App Growth Manager,Redux (Network Redux),N/A,31 Jan 2025,N/A,http://infopark.in/companies/company/company-jobs/390/77679
Senior Linux System Administrator (5+ years of exp),Noa Infosolutions LLP,N/A,31 Jan 2025,N/A,http://infopark.in/companies/company/company-jobs/347/77680
Graduate Specialist – DevOps,Classic Technologies & Business Solutions Pvt. Ltd.,N/A,31 Jan 2025,N/A,http://infopark.in/companies/company/company-jobs/517/77733
Social Media Executive,2Hats Logic Solutions Pvt. Ltd.,N/A,31 Jan 2025,N/A,http://infopark.in/companies/company/company-jobs/353/77793
Sales Manager - 4yrs,Chillar Payment Solutions Pvt.Ltd.,N/A,31 Jan 2025,N/A,http://infopark.in/companies/company/company-jobs/349/77759
Project Coordinator,Onesoft Technologies LLP,N/A,31 Jan 2025,N/A,http://infopark.in/companies/company/company-jobs/589/77778
Python Backend Developer,Edstem Technologies Pvt Ltd,N/A,31 Jan 2025,N/A,http://infopark.in/companies/company/company-jobs/518/77779
DevOps Engineer,TutorComp Infotech (I) Pvt.Ltd,N/A,01 Feb 2025,N/A,http://infopark.in/companies/company/company-jobs/107/77584
Job Title: Virtual Sales Representative,Vortexen Dynamics,N/A,01 Feb 2025,N/A,http://infopark.in/companies/company/company-jobs/588/70424
ASP .NET Developer,Pearlsoft Technologies LLP,N/A,02 Feb 2025,N/A,http://infopark.in/companies/company/company-jobs/578/77531
NOC Engineer - Lead,Pearlsoft Technologies LLP,N/A,02 Feb 2025,N/A,http://infopark.in/companies/company/company-jobs/578/77536
Senior Python - Django Developer.,Pearlsoft Technologies LLP,N/A,02 Feb 2025,N/A,http://infopark.in/companies/company/company-jobs/578/77532
PHP Internship,NDimensionZ Solutions Pvt.Ltd.,N/A,03 Feb 2025,N/A,http://infopark.in/companies/company/company-jobs/383/74102
"Opening for .Net Solution Architect, Kochi",Thinkpalm Technologies Pvt.Ltd,N/A,04 Feb 2025,N/A,http://infopark.in/companies/company/company-jobs/114/77155
"Immediate Opening for Dot Net Tech Lead, Kochi",Thinkpalm Technologies Pvt.Ltd,N/A,04 Feb 2025,N/A,http://infopark.in/companies/company/company-jobs/114/75872
Linux support engineer,Feathersoft Info Solutions Private Limited,N/A,06 Feb 2025,N/A,http://infopark.in/companies/company/company-jobs/446/76989
Finance Manager,Nuvento Systems Private Limited,N/A,06 Feb 2025,N/A,http://infopark.in/companies/company/company-jobs/153/77240
WordPress Developer,Feathersoft Info Solutions Private Limited,N/A,06 Feb 2025,N/A,http://infopark.in/companies/company/company-jobs/446/77254
Manager- Finance and FP&A,Feathersoft Info Solutions Private Limited,N/A,06 Feb 2025,N/A,http://infopark.in/companies/company/company-jobs/446/77214
Product Manager – Clinical Healthcare AI Solutions,Feathersoft Info Solutions Private Limited,N/A,06 Feb 2025,N/A,http://infopark.in/companies/company/company-jobs/446/77213
Angular Lead,Feathersoft Info Solutions Private Limited,N/A,06 Feb 2025,N/A,http://infopark.in/companies/company/company-jobs/446/77217
Junior Business Analyst(Bioinformatics),Feathersoft Info Solutions Private Limited,N/A,06 Feb 2025,N/A,http://infopark.in/companies/company/company-jobs/446/77383
Graphic Designer,Feathersoft Info Solutions Private Limited,N/A,06 Feb 2025,N/A,http://infopark.in/companies/company/company-jobs/446/77382
UI/UX Designer,Feathersoft Info Solutions Private Limited,N/A,06 Feb 2025,N/A,http://infopark.in/companies/company/company-jobs/446/77512
Marketing Manager,Feathersoft Info Solutions Private Limited,N/A,06 Feb 2025,N/A,http://infopark.in/companies/company/company-jobs/446/77674
AI/ML Platform Architect,Feathersoft Info Solutions Private Limited,N/A,06 Feb 2025,N/A,http://infopark.in/companies/company/company-jobs/446/77570
Video Editor & Motion Digital Designer,Feathersoft Info Solutions Private Limited,N/A,06 Feb 2025,N/A,http://infopark.in/companies/company/company-jobs/446/77690
Junior AI/ML Engineer,Feathersoft Info Solutions Private Limited,N/A,06 Feb 2025,N/A,http://infopark.in/companies/company/company-jobs/446/77668
Junior Market Research Analyst,Feathersoft Info Solutions Private Limited,N/A,06 Feb 2025,N/A,http://infopark.in/companies/company/company-jobs/446/77669
BUSINESS ANALYST,Armia Systems Pvt. Ltd,N/A,07 Feb 2025,N/A,http://infopark.in/companies/company/company-jobs/6/1809
UI UX DEVELOPER,Armia Systems Pvt. Ltd,N/A,07 Feb 2025,N/A,http://infopark.in/companies/company/company-jobs/6/77586
BUSINESS DEVELOPMENT EXECUTIVE,Armia Systems Pvt. Ltd,N/A,07 Feb 2025,N/A,http://infopark.in/companies/company/company-jobs/6/8829
Digital Marketing Executive (1-2 Years),Apro IT Solutions Pvt Ltd,N/A,09 Feb 2025,N/A,http://infopark.in/companies/company/company-jobs/597/77606
Solution Architect - Software,Urolime Technologies Private Limited,N/A,10 Feb 2025,N/A,http://infopark.in/companies/company/company-jobs/276/77522
Client Executive (Inside sales),Fingent Global Solutions,N/A,10 Feb 2025,N/A,http://infopark.in/companies/company/company-jobs/204/76798
DevOps Engineer,Urolime Technologies Private Limited,N/A,10 Feb 2025,N/A,http://infopark.in/companies/company/company-jobs/276/77519
Digital Marketing Professional,Jachoos Technologies Private Limited,N/A,10 Feb 2025,N/A,http://infopark.in/companies/company/company-jobs/540/76376
Business Development Executive – DevOps & Cloud Consulting,Urolime Technologies Private Limited,N/A,10 Feb 2025,N/A,http://infopark.in/companies/company/company-jobs/276/77520
Apprentice-Sales and Marketing,Urolime Technologies Private Limited,N/A,10 Feb 2025,N/A,http://infopark.in/companies/company/company-jobs/276/77521
Laravel Vue Developer,Cubet Techno Labs Pvt.Ltd,N/A,12 Feb 2025,N/A,http://infopark.in/companies/company/company-jobs/177/77613
Junior Back End Developer-Urgent Hiring,Aatoon Solutions,N/A,12 Feb 2025,N/A,http://infopark.in/companies/company/company-jobs/319/76610
Lead Engineer Python + GIS,Experion Technologies,N/A,14 Feb 2025,N/A,http://infopark.in/companies/company/company-jobs/252/77802
Project Manager,Pearlsoft Technologies LLP,N/A,14 Feb 2025,N/A,http://infopark.in/companies/company/company-jobs/578/77726
SEO  Lead (7+ years),NewAgeSys Solutions (P) Ltd.,N/A,14 Feb 2025,N/A,http://infopark.in/companies/company/company-jobs/262/77583
Graphic Designers (Work from Home),Millennium InfoLogic,N/A,15 Feb 2025,N/A,http://infopark.in/companies/company/company-jobs/440/39656
Accounting Associate/Sr. Accounting Associate - US GAAP,Redux (Network Redux),N/A,16 Feb 2025,N/A,http://infopark.in/companies/company/company-jobs/390/77781
Site Reliability Engineer -Cloud Services,Redux (Network Redux),N/A,16 Feb 2025,N/A,http://infopark.in/companies/company/company-jobs/390/77782
Executive Assistant,Stepping Stone Consultancy Services,N/A,16 Feb 2025,N/A,http://infopark.in/companies/company/company-jobs/528/77775
Flutter Developer Intern,AVENTUS INFORMATICS,N/A,17 Feb 2025,N/A,http://infopark.in/companies/company/company-jobs/315/75859
Angular Developer,Cubet Techno Labs Pvt.Ltd,N/A,17 Feb 2025,N/A,http://infopark.in/companies/company/company-jobs/177/77792
Jira & Agile transformation Specialist,Penguin Data Centre Pvt.Ltd.,N/A,17 Feb 2025,N/A,http://infopark.in/companies/company/company-jobs/340/77620
UI/UX Designer,Zamorins Solutions Pvt LTD,N/A,17 Feb 2025,N/A,http://infopark.in/companies/company/company-jobs/460/77797
Senior Flutter Developer,AVENTUS INFORMATICS,N/A,17 Feb 2025,N/A,http://infopark.in/companies/company/company-jobs/315/76203
Digital Marketing On the Job Training,Planet Media India ( PMIN Agency Pvt.Ltd.),N/A,17 Feb 2025,N/A,http://infopark.in/companies/company/company-jobs/443/77804
Web Developer - PHP,Digiora Technologies Pvt.Ltd.,N/A,19 Feb 2025,N/A,http://infopark.in/companies/company/company-jobs/427/36696
Laravel Developer,Cubet Techno Labs Pvt.Ltd,N/A,19 Feb 2025,N/A,http://infopark.in/companies/company/company-jobs/177/77618
Laravel Angular Developer,Cubet Techno Labs Pvt.Ltd,N/A,19 Feb 2025,N/A,http://infopark.in/companies/company/company-jobs/177/77616
Python Developer,Cubet Techno Labs Pvt.Ltd,N/A,19 Feb 2025,N/A,http://infopark.in/companies/company/company-jobs/177/77615
Project Manager,Cubet Techno Labs Pvt.Ltd,N/A,19 Feb 2025,N/A,http://infopark.in/companies/company/company-jobs/177/77614
HR Manager,Cubet Techno Labs Pvt.Ltd,N/A,20 Feb 2025,N/A,http://infopark.in/companies/company/company-jobs/177/77619
LARAVEL DEVELOPER (PHP),Stepping Stone Consultancy Services,N/A,20 Feb 2025,N/A,http://infopark.in/companies/company/company-jobs/528/77798
QA Team Lead,Cubet Techno Labs Pvt.Ltd,N/A,20 Feb 2025,N/A,http://infopark.in/companies/company/company-jobs/177/77641
Business Immigration Analyst,Stepping Stone Consultancy Services,N/A,22 Feb 2025,N/A,http://infopark.in/companies/company/company-jobs/528/77192
Graphic designer,Digiora Technologies Pvt.Ltd.,N/A,25 Feb 2025,N/A,http://infopark.in/companies/company/company-jobs/427/77553
Magento Hyva UI Developer,McFadyen Digital,N/A,26 Feb 2025,N/A,http://infopark.in/companies/company/company-jobs/249/73114
Magento Technical Lead,McFadyen Digital,N/A,27 Feb 2025,N/A,http://infopark.in/companies/company/company-jobs/249/67607
Marketing Specialist – IT & B2B Outreach,iLeaf Solutions Pvt Ltd.,N/A,28 Feb 2025,N/A,http://infopark.in/companies/company/company-jobs/159/77022
Head of Human Resources,EXACORE IT SOLUTIONS PRIVATE LIMITED,N/A,28 Feb 2025,N/A,http://infopark.in/companies/company/company-jobs/337/77564
UI Specialist,White Rabbit Group,N/A,28 Feb 2025,N/A,http://infopark.in/companies/company/company-jobs/316/76076
Business Development Manager,Focaloid Technologies Private Limited,N/A,28 Feb 2025,N/A,http://infopark.in/companies/company/company-jobs/543/67319
Dotnet Technical Lead- Infopark Kochi Location - 6+ Years,Thinkpalm Technologies Pvt.Ltd,N/A,28 Feb 2025,N/A,http://infopark.in/companies/company/company-jobs/114/31515
SEO Strategist,Webdura Technologies,N/A,28 Feb 2025,N/A,http://infopark.in/companies/company/company-jobs/358/77590
Recruiter,EXACORE IT SOLUTIONS PRIVATE LIMITED,N/A,28 Feb 2025,N/A,http://infopark.in/companies/company/company-jobs/337/77566
IT PROJECT COORDINATOR,Aabasoft Technologies India Private Limited,N/A,28 Feb 2025,N/A,http://infopark.in/companies/company/company-jobs/225/77119
DevOps Engineer/ Senior Devops Engineer - Technopark Trivandrum Location,Thinkpalm Technologies Pvt.Ltd,N/A,28 Feb 2025,N/A,http://infopark.in/companies/company/company-jobs/114/76582
Senior UI Architect,McFadyen Digital,N/A,28 Feb 2025,N/A,http://infopark.in/companies/company/company-jobs/249/40429
CMS Developer,White Rabbit Group,N/A,28 Feb 2025,N/A,http://infopark.in/companies/company/company-jobs/316/77132
Senior Business Analyst,McFadyen Digital,N/A,28 Feb 2025,N/A,http://infopark.in/companies/company/company-jobs/249/60209
Technology Project Manager,Cascade Revenue Management Pvt. Ltd,N/A,28 Feb 2025,N/A,http://infopark.in/companies/company/company-jobs/304/77624
Android Developer (2+ Years Experience) - Immediate !!,Aabasoft Technologies India Private Limited,N/A,28 Feb 2025,N/A,http://infopark.in/companies/company/company-jobs/225/65848
SOFTWARE ENGINEER (.NET) (2+ Years),Aabasoft Technologies India Private Limited,N/A,28 Feb 2025,N/A,http://infopark.in/companies/company/company-jobs/225/69327
Senior Test Architect,McFadyen Digital,N/A,28 Feb 2025,N/A,http://infopark.in/companies/company/company-jobs/249/77756
"Immediate Job opening for Angular Project Lead, Kochi.",Thinkpalm Technologies Pvt.Ltd,N/A,28 Feb 2025,N/A,http://infopark.in/companies/company/company-jobs/114/75339
Executive Assistant (2+ years of experience),Stepping Stone Consultancy Services,N/A,28 Feb 2025,N/A,http://infopark.in/companies/company/company-jobs/528/76213
Chief Architect,White Rabbit Group,N/A,28 Feb 2025,N/A,http://infopark.in/companies/company/company-jobs/316/76980
Cloud Engineer,CCS Technologies (P) Ltd,N/A,28 Feb 2025,N/A,http://infopark.in/companies/company/company-jobs/105/77313
Java Developer,Dooth Internet Service Pvt. Ltd.,N/A,28 Feb 2025,N/A,http://infopark.in/companies/company/company-jobs/615/74149
Business Development Executive,iLeaf Solutions Pvt Ltd.,N/A,28 Feb 2025,N/A,http://infopark.in/companies/company/company-jobs/159/77362
React - MERN Developer,LANWARE SOLUTIONS,N/A,28 Feb 2025,N/A,http://infopark.in/companies/company/company-jobs/385/77283
UI Developer,Aspire Systems Digital Private Limited,N/A,28 Feb 2025,N/A,http://infopark.in/companies/company/company-jobs/80/76410
Senior Dotnet Developer,Aspire Systems Digital Private Limited,N/A,28 Feb 2025,N/A,http://infopark.in/companies/company/company-jobs/80/75172
Dotnet Fullstack Developer,Aspire Systems Digital Private Limited,N/A,28 Feb 2025,N/A,http://infopark.in/companies/company/company-jobs/80/75173
HR Manager,VIPoint Solutions Pvt Ltd,N/A,28 Feb 2025,N/A,http://infopark.in/companies/company/company-jobs/165/77650
Project Manager,Senscript Technologies Pvt Ltd,N/A,28 Feb 2025,N/A,http://infopark.in/companies/company/company-jobs/524/75416
Senior WordPress Developer,Planet Media India ( PMIN Agency Pvt.Ltd.),N/A,28 Feb 2025,N/A,http://infopark.in/companies/company/company-jobs/443/75695
Full Stack Developer (Product Development),White Rabbit Group,N/A,28 Feb 2025,N/A,http://infopark.in/companies/company/company-jobs/316/75747
"Sr. Consultant, SAP ABAP",CCS Technologies (P) Ltd,N/A,28 Feb 2025,N/A,http://infopark.in/companies/company/company-jobs/105/76902
iOS and Flutter Developer,Aabasoft Technologies India Private Limited,N/A,28 Feb 2025,N/A,http://infopark.in/companies/company/company-jobs/225/76566
Android and Flutter Developer,Aabasoft Technologies India Private Limited,N/A,28 Feb 2025,N/A,http://infopark.in/companies/company/company-jobs/225/76600
Full Stack Engineer,White Rabbit Group,N/A,28 Feb 2025,N/A,http://infopark.in/companies/company/company-jobs/316/76981
DeVops Engineer,Planet Media India ( PMIN Agency Pvt.Ltd.),N/A,28 Feb 2025,N/A,http://infopark.in/companies/company/company-jobs/443/77407
Project Manager,EXACORE IT SOLUTIONS PRIVATE LIMITED,N/A,28 Feb 2025,N/A,http://infopark.in/companies/company/company-jobs/337/77565
WordPress Developer,Virtual Sys Technologies,N/A,28 Feb 2025,N/A,http://infopark.in/companies/company/company-jobs/200/77518
Sr.Angular Developer-4 plus years,Techware Lab Pvt.Ltd.,N/A,28 Feb 2025,N/A,http://infopark.in/companies/company/company-jobs/445/77795
PHP  Developer  - Immediate Joining,Cocoalabs India Pvt Ltd,N/A,28 Feb 2025,N/A,http://infopark.in/companies/company/company-jobs/263/77734
Business Analyst,Expeed Software Private Limited,N/A,28 Feb 2025,N/A,http://infopark.in/companies/company/company-jobs/629/77654
Project Coordinator,Penguin Data Centre Pvt.Ltd.,N/A,28 Feb 2025,N/A,http://infopark.in/companies/company/company-jobs/340/77653
Digital Marketing Manager,Techware Lab Pvt.Ltd.,N/A,28 Feb 2025,N/A,http://infopark.in/companies/company/company-jobs/445/77589
Senior HR Executive,Webdura Technologies,N/A,28 Feb 2025,N/A,http://infopark.in/companies/company/company-jobs/358/77591
VC/VC++ Developer - Job code i (CDP-148),Calpine Group,N/A,28 Feb 2025,N/A,http://infopark.in/companies/company/company-jobs/1/77741
Business Development Executive,Virtual Sys Technologies,N/A,28 Feb 2025,N/A,http://infopark.in/companies/company/company-jobs/200/77710
"PMO (6-10 yrs experience in all departments - Fin, HR and overall business operations.)",Stepping Stone Consultancy Services,N/A,28 Feb 2025,N/A,http://infopark.in/companies/company/company-jobs/528/77809
Data Scientist,Senscript Technologies Pvt Ltd,N/A,28 Feb 2025,N/A,http://infopark.in/companies/company/company-jobs/524/77664
Associate/Senior Associate - People Ops,Fingent Global Solutions,N/A,28 Feb 2025,N/A,http://infopark.in/companies/company/company-jobs/204/77672
"Creative Designer with Video Editing experience for ThinkPalm Technologies-Infopark,Kochi",Thinkpalm Technologies Pvt.Ltd,N/A,28 Feb 2025,N/A,http://infopark.in/companies/company/company-jobs/114/77730
"Python with ML, Statistics & Algorithm Development-ThinkPalm Technologies.",Thinkpalm Technologies Pvt.Ltd,N/A,28 Feb 2025,N/A,http://infopark.in/companies/company/company-jobs/114/77731
Data Engineering Practice Head,Focaloid Technologies Private Limited,N/A,28 Feb 2025,N/A,http://infopark.in/companies/company/company-jobs/543/77760
Software Developer-Lead-4-5 years in Angular/React/Node JS,Techware Lab Pvt.Ltd.,N/A,28 Feb 2025,N/A,http://infopark.in/companies/company/company-jobs/445/77761
Sr.Full Stack developer-4-6 years (React/Angular & Nodejs)-Immediate to 1 month joining,Techware Lab Pvt.Ltd.,N/A,28 Feb 2025,N/A,http://infopark.in/companies/company/company-jobs/445/77794
Associate Manager - Product Marketing,Fingent Global Solutions,N/A,03 Mar 2025,N/A,http://infopark.in/companies/company/company-jobs/204/76287
Php Developer (Laravel) - Trivandrum,Stepping Stone Consultancy Services,N/A,06 Mar 2025,N/A,http://infopark.in/companies/company/company-jobs/528/75370
Business Analyst,Stepping Stone Consultancy Services,N/A,14 Mar 2025,N/A,http://infopark.in/companies/company/company-jobs/528/77732
Angular Project Lead - Infopark Kochi Location.,Thinkpalm Technologies Pvt.Ltd,N/A,15 Mar 2025,N/A,http://infopark.in/companies/company/company-jobs/114/44108
Social Media Executive,Digiora Technologies Pvt.Ltd.,N/A,15 Mar 2025,N/A,http://infopark.in/companies/company/company-jobs/427/50927
Sales and Applications Specialist,Fingent Global Solutions,N/A,28 Mar 2025,N/A,http://infopark.in/companies/company/company-jobs/204/76776
"Opening for .Net Solution Architect, ThinkPalm Technologies,Infopark-Kochi",Thinkpalm Technologies Pvt.Ltd,N/A,29 Mar 2025,N/A,http://infopark.in/companies/company/company-jobs/114/77729
iOS DEVELOPER (1+ Years Experience),Aabasoft Technologies India Private Limited,N/A,31 Mar 2025,N/A,http://infopark.in/companies/company/company-jobs/225/31942
INTERNSHIP - CONTENT WRITING,Aabasoft Technologies India Private Limited,N/A,31 Mar 2025,N/A,http://infopark.in/companies/company/company-jobs/225/76078
Graphic Designer and Video Editor,Digiora Technologies Pvt.Ltd.,N/A,31 Mar 2025,N/A,http://infopark.in/companies/company/company-jobs/427/41061
Sr. MVC / .Net + Angular Developer,Penguin Data Centre Pvt.Ltd.,N/A,31 Mar 2025,N/A,http://infopark.in/companies/company/company-jobs/340/77114
ELV Engineer (Kochi &Trivandrum),Aabasoft Technologies India Private Limited,N/A,31 Mar 2025,N/A,http://infopark.in/companies/company/company-jobs/225/52359
Project Manager – Infrastructure Services,Aabasoft Technologies India Private Limited,N/A,31 Mar 2025,N/A,http://infopark.in/companies/company/company-jobs/225/64243
INTERNSHIP - SOFTWARE TESTING,Aabasoft Technologies India Private Limited,N/A,31 Mar 2025,N/A,http://infopark.in/companies/company/company-jobs/225/59633
Accounts Assistant _ 2+ Years of Experience,Aabasoft Technologies India Private Limited,N/A,31 Mar 2025,N/A,http://infopark.in/companies/company/company-jobs/225/72121
Cloud Engineer,Aabasoft Technologies India Private Limited,N/A,31 Mar 2025,N/A,http://infopark.in/companies/company/company-jobs/225/71734
OPENING IN 'TECHNICAL SUPPORT TRAINEE',Virtual Impulse Technologies,N/A,31 Mar 2025,N/A,http://infopark.in/companies/company/company-jobs/575/72766
Lead Generation Executive(Private Cloud Hosting Solution),Aabasoft Technologies India Private Limited,N/A,31 Mar 2025,N/A,http://infopark.in/companies/company/company-jobs/225/72915
Project Manager ELV,Aabasoft Technologies India Private Limited,N/A,31 Mar 2025,N/A,http://infopark.in/companies/company/company-jobs/225/74455
Digital Marketing Manager,Aabasoft Technologies India Private Limited,N/A,31 Mar 2025,N/A,http://infopark.in/companies/company/company-jobs/225/76758
TECHNICAL MANAGER - CLOUD OPERATIONS,Aabasoft Technologies India Private Limited,N/A,31 Mar 2025,N/A,http://infopark.in/companies/company/company-jobs/225/76883
Digital Marketing Executive,Fingent Global Solutions,N/A,31 Mar 2025,N/A,http://infopark.in/companies/company/company-jobs/204/76781
Internship - UI UX Designer,Aabasoft Technologies India Private Limited,N/A,31 Mar 2025,N/A,http://infopark.in/companies/company/company-jobs/225/77529
JAVA-Senior Engineer,Aspire Systems Digital Private Limited,N/A,31 Mar 2025,N/A,http://infopark.in/companies/company/company-jobs/80/75171
BigCommerce Lead,McFadyen Digital,N/A,31 Mar 2025,N/A,http://infopark.in/companies/company/company-jobs/249/75897
JAVA-Module Lead,Aspire Systems Digital Private Limited,N/A,31 Mar 2025,N/A,http://infopark.in/companies/company/company-jobs/80/76417
Dotnet Fullstack Developer-Module Lead,Aspire Systems Digital Private Limited,N/A,31 Mar 2025,N/A,http://infopark.in/companies/company/company-jobs/80/76425
Web Designer,Digiora Technologies Pvt.Ltd.,N/A,31 Mar 2025,N/A,http://infopark.in/companies/company/company-jobs/427/77535
ELV Technicians _Immediate Opening !!!,Aabasoft Technologies India Private Limited,N/A,30 Apr 2025,N/A,http://infopark.in/companies/company/company-jobs/225/18375
JAVA DEVELOPER (2 +Years Experience),Aabasoft Technologies India Private Limited,N/A,30 Apr 2025,N/A,http://infopark.in/companies/company/company-jobs/225/45037
SOFTWARE ENGINEER – DOT NET  (KANNUR LOCATION),Aabasoft Technologies India Private Limited,N/A,30 Apr 2025,N/A,http://infopark.in/companies/company/company-jobs/225/69984
Senior Project Engineer (Structured Cabling),Aabasoft Technologies India Private Limited,N/A,30 Apr 2025,N/A,http://infopark.in/companies/company/company-jobs/225/74265
Lead Generation Intern,Aabasoft Technologies India Private Limited,N/A,30 Apr 2025,N/A,http://infopark.in/companies/company/company-jobs/225/77351
Lead Generation-Inside Sales,Aabasoft Technologies India Private Limited,N/A,30 Apr 2025,N/A,http://infopark.in/companies/company/company-jobs/225/75803
Senior Embedded/Firmware Engineer,Cavli Wireless,N/A,01 May 2025,N/A,http://infopark.in/companies/company/company-jobs/454/76168
Team Lead – Python,Fingent Global Solutions,N/A,29 May 2025,N/A,http://infopark.in/companies/company/company-jobs/204/77810
Senior Software Engineer .NET,Fingent Global Solutions,N/A,29 May 2025,N/A,http://infopark.in/companies/company/company-jobs/204/77812
Software Engineer .NET,Fingent Global Solutions,N/A,30 May 2025,N/A,http://infopark.in/companies/company/company-jobs/204/77813
Senior FICO Consultant,Fingent Global Solutions,N/A,30 May 2025,N/A,http://infopark.in/companies/company/company-jobs/204/77811
Sr UI / UX DESIGNER,Aabasoft Technologies India Private Limited,N/A,31 May 2025,N/A,http://infopark.in/companies/company/company-jobs/225/33195
"Business Development Executive – Cloud Services(Chennai & Hyderabad, Trivandrum & Calicut, Kochi  )",Aabasoft Technologies India Private Limited,N/A,31 May 2025,N/A,http://infopark.in/companies/company/company-jobs/225/72871
Business Immigration Analyst (3+ years of exp),Stepping Stone Consultancy Services,N/A,21 Jun 2025,N/A,http://infopark.in/companies/company/company-jobs/528/77334
Sr BUSINESS ANALYST,Aabasoft Technologies India Private Limited,N/A,30 Jun 2025,N/A,http://infopark.in/companies/company/company-jobs/225/31442
PROCUREMENT MANAGER – MATERIALS PURCHASING AND VENDOR MANAGEMENT,Aabasoft Technologies India Private Limited,N/A,30 Jun 2025,N/A,http://infopark.in/companies/company/company-jobs/225/77458
SENIOR UI DEVELOPER,Aabasoft Technologies India Private Limited,N/A,31 Jul 2025,N/A,http://infopark.in/companies/company/company-jobs/225/72151
Remote Sales Associate – Fire & Safety Products and Services,Vortexen Dynamics,N/A,31 Jul 2025,N/A,http://infopark.in/companies/company/company-jobs/588/77533
Full Stack .Net Developer with Angular,Penguin Data Centre Pvt.Ltd.,N/A,31 Jul 2025,N/A,http://infopark.in/companies/company/company-jobs/340/77438
Sr SOFTWARE ENGINEER (Windows Application),Aabasoft Technologies India Private Limited,N/A,31 Aug 2025,N/A,http://infopark.in/companies/company/company-jobs/225/76531
Procurement Engineer,Vortexen Dynamics,N/A,30 Sep 2025,N/A,http://infopark.in/companies/company/company-jobs/588/76808
Mechanical Sales Engineer,Vortexen Dynamics,N/A,30 Sep 2025,N/A,http://infopark.in/companies/company/company-jobs/588/76839
Accounts Assistant,Vortexen Dynamics,N/A,31 Dec 2025,N/A,http://infopark.in/companies/company/company-jobs/588/76807
Digital Lead Generation Manager,Vortexen Dynamics,N/A,31 Dec 2025,N/A,http://infopark.in/companies/company/company-jobs/588/76840
Administrative Assistant,Vortexen Dynamics,N/A,31 Dec 2025,N/A,http://infopark.in/companies/company/company-jobs/588/76906
Social Media Lead Generator (Linkedin),Vortexen Dynamics,N/A,03 Jan 2026,N/A,http://infopark.in/companies/company/company-jobs/588/71337
